scenario,engine,n,seed_start,goals_for,goals_against,win_share,draw_share,loss_share,npc_chances_for,npc_chances_against,npc_goals_for,npc_goals_against,npc_attack_minutes_for,npc_attack_minutes_against,pc_actions,red_share,pc_for_scoring_stakes,pc_against_scoring_stakes
equal_neutral,aggregate,10000,0,1.36240,1.39650,0.36980,0.24520,0.38500,5.55560,5.60470,1.36240,1.39650,44.81000,45.19000,0.00000,0.00000,0.00000,0.00000
equal_neutral,detailed_npc,10000,0,1.37380,1.35860,0.38830,0.23230,0.37940,5.60020,5.57110,1.37380,1.35860,45.15710,44.84290,0.00000,0.00000,0.00000,0.00000
equal_home,aggregate,10000,0,1.41970,1.39650,0.38300,0.24610,0.37090,5.77970,5.60470,1.41970,1.39650,44.81000,45.19000,0.00000,0.00000,0.00000,0.00000
equal_home,detailed_npc,10000,0,1.41820,1.35490,0.39940,0.23110,0.36950,5.78400,5.56270,1.41820,1.35490,45.19130,44.80870,0.00000,0.00000,0.00000,0.00000
equal_away,aggregate,10000,0,1.36240,1.45110,0.35910,0.24230,0.39860,5.55560,5.82910,1.36240,1.45110,44.81000,45.19000,0.00000,0.00000,0.00000,0.00000
equal_away,detailed_npc,10000,0,1.37470,1.40190,0.37980,0.23060,0.38960,5.59500,5.75680,1.37470,1.40190,45.12610,44.87390,0.00000,0.00000,0.00000,0.00000
attack_90,aggregate,10000,0,1.64620,1.39650,0.43920,0.23090,0.32990,5.55560,5.60470,1.64620,1.39650,44.81000,45.19000,0.00000,0.00000,0.00000,0.00000
attack_90,detailed_npc,10000,0,1.67900,1.34040,0.46470,0.21580,0.31950,5.63540,5.53900,1.67900,1.34040,45.38090,44.61910,0.00000,0.00000,0.00000,0.00000
defense_90,aggregate,10000,0,1.36240,1.11460,0.42940,0.26180,0.30880,5.55560,5.60470,1.36240,1.11460,44.81000,45.19000,0.00000,0.00000,0.00000,0.00000
defense_90,detailed_npc,10000,0,1.38240,1.08650,0.44600,0.24170,0.31230,5.62900,5.53650,1.38240,1.08650,45.43190,44.56810,0.00000,0.00000,0.00000,0.00000
midfield_90,aggregate,10000,0,1.77240,0.98650,0.56340,0.22450,0.21210,7.24100,3.91930,1.77240,0.98650,58.41200,31.58800,0.00000,0.00000,0.00000,0.00000
midfield_90,detailed_npc,10000,0,1.80180,0.94370,0.58520,0.20410,0.21070,7.33520,3.83190,1.80180,0.94370,59.17370,30.82630,0.00000,0.00000,0.00000,0.00000
own_ten,aggregate,10000,0,1.16210,1.55170,0.29390,0.23570,0.47040,4.74350,5.93190,1.16210,1.55170,42.16250,47.83750,0.00000,0.00000,0.00000,0.00000
own_ten,detailed_npc,10000,0,1.16220,1.53150,0.30550,0.23010,0.46440,4.72590,5.95620,1.16220,1.53150,42.03210,47.96790,0.00000,0.00000,0.00000,0.00000
opp_ten,aggregate,10000,0,1.52190,1.19260,0.45380,0.24470,0.30150,5.89180,4.78480,1.52190,1.19260,47.53450,42.46550,0.00000,0.00000,0.00000,0.00000
opp_ten,detailed_npc,10000,0,1.53230,1.16940,0.46660,0.22750,0.30590,5.95330,4.74350,1.53230,1.16940,48.00490,41.99510,0.00000,0.00000,0.00000,0.00000
pc_st_60,detailed_pc,10000,0,2.14830,1.01870,0.62480,0.22230,0.15290,3.17010,3.32180,0.77350,0.81630,25.54020,26.84240,10.15330,0.01330,2.59760,0.42430
pc_cb_60,detailed_pc,10000,0,1.55750,1.37700,0.42490,0.23280,0.34230,3.09650,3.04260,0.75920,0.74450,24.97140,24.59810,10.86640,0.01390,1.40840,1.32600
pc_cm_60,detailed_pc,10000,0,1.81630,1.23970,0.50440,0.23840,0.25720,3.09000,3.12300,0.76530,0.77310,25.03490,25.21240,10.74610,0.01440,1.96750,0.95870
pc_st_90,detailed_pc,10000,0,3.07810,0.79930,0.84980,0.10790,0.04230,2.46220,2.62660,0.62120,0.63940,19.87870,21.23800,14.26850,0.01820,3.55070,0.50270
equal_neutral,aggregate,10000,1000000,1.38000,1.37470,0.37990,0.25650,0.36360,5.57540,5.57410,1.38000,1.37470,44.86500,45.13500,0.00000,0.00000,0.00000,0.00000
equal_neutral,detailed_npc,10000,1000000,1.39190,1.37840,0.38900,0.23580,0.37520,5.59990,5.59200,1.39190,1.37840,45.01300,44.98700,0.00000,0.00000,0.00000,0.00000
equal_home,aggregate,10000,1000000,1.43410,1.37470,0.39500,0.25140,0.35360,5.80470,5.57410,1.43410,1.37470,44.86500,45.13500,0.00000,0.00000,0.00000,0.00000
equal_home,detailed_npc,10000,1000000,1.43520,1.37920,0.39890,0.23460,0.36650,5.77470,5.59280,1.43520,1.37920,45.01050,44.98950,0.00000,0.00000,0.00000,0.00000
equal_away,aggregate,10000,1000000,1.38000,1.43100,0.36800,0.25260,0.37940,5.57540,5.79830,1.38000,1.43100,44.86500,45.13500,0.00000,0.00000,0.00000,0.00000
equal_away,detailed_npc,10000,1000000,1.39020,1.42870,0.38030,0.23220,0.38750,5.59080,5.78660,1.39020,1.42870,44.96680,45.03320,0.00000,0.00000,0.00000,0.00000
attack_90,aggregate,10000,1000000,1.65140,1.37470,0.44800,0.23630,0.31570,5.57540,5.57410,1.65140,1.37470,44.86500,45.13500,0.00000,0.00000,0.00000,0.00000
attack_90,detailed_npc,10000,1000000,1.68130,1.36730,0.45840,0.22100,0.32060,5.63440,5.55480,1.68130,1.36730,45.29210,44.70790,0.00000,0.00000,0.00000,0.00000
defense_90,aggregate,10000,1000000,1.38000,1.10500,0.44120,0.26370,0.29510,5.57540,5.57410,1.38000,1.10500,44.86500,45.13500,0.00000,0.00000,0.00000,0.00000
defense_90,detailed_npc,10000,1000000,1.39720,1.10480,0.44380,0.24900,0.30720,5.62530,5.56060,1.39720,1.10480,45.25380,44.74620,0.00000,0.00000,0.00000,0.00000
midfield_90,aggregate,10000,1000000,1.79600,0.95870,0.57950,0.22660,0.19390,7.23610,3.91340,1.79600,0.95870,58.37550,31.62450,0.00000,0.00000,0.00000,0.00000
midfield_90,detailed_npc,10000,1000000,1.81490,0.94810,0.58020,0.21220,0.20760,7.32360,3.84650,1.81490,0.94810,59.00860,30.99140,0.00000,0.00000,0.00000,0.00000
own_ten,aggregate,10000,1000000,1.17700,1.53340,0.29510,0.25550,0.44940,4.77150,5.90300,1.17700,1.53340,42.18750,47.81250,0.00000,0.00000,0.00000,0.00000
own_ten,detailed_npc,10000,1000000,1.16590,1.56020,0.29990,0.23250,0.46760,4.72000,5.97040,1.16590,1.56020,41.90180,48.09820,0.00000,0.00000,0.00000,0.00000
opp_ten,aggregate,10000,1000000,1.53940,1.16180,0.46890,0.24760,0.28350,5.91170,4.73950,1.53940,1.16180,47.54600,42.45400,0.00000,0.00000,0.00000,0.00000
opp_ten,detailed_npc,10000,1000000,1.54810,1.17560,0.46690,0.23300,0.30010,5.95290,4.74750,1.54810,1.17560,47.92400,42.07600,0.00000,0.00000,0.00000,0.00000
pc_st_60,detailed_pc,10000,1000000,2.17950,1.03710,0.63280,0.21570,0.15150,3.21960,3.31090,0.80040,0.83140,25.89620,26.64020,10.13840,0.01570,2.61150,0.42000
pc_cb_60,detailed_pc,10000,1000000,1.57790,1.37620,0.42960,0.22650,0.34390,3.09270,3.08610,0.77090,0.76030,24.94500,24.78150,10.85400,0.00950,1.43000,1.31060
pc_cm_60,detailed_pc,10000,1000000,1.84220,1.25130,0.51540,0.22640,0.25820,3.15640,3.09200,0.78740,0.78650,25.46400,25.00000,10.64270,0.01340,1.93990,0.96560
pc_st_90,detailed_pc,10000,1000000,3.07850,0.81900,0.84180,0.11320,0.04500,2.50600,2.61130,0.62140,0.65580,20.13010,21.02870,14.29140,0.01780,3.56140,0.50990
