scenario,engine,n,seed_start,goals_for,goals_against,win_share,draw_share,loss_share,npc_chances_for,npc_chances_against,npc_goals_for,npc_goals_against,npc_attack_minutes_for,npc_attack_minutes_against,pc_actions,red_share,pc_for_scoring_stakes,pc_against_scoring_stakes,team_chances_for,team_chances_against,team_exposure,slots,pc_resolved_chances,pc_finishing_attempts,cancelled_chances
equal_neutral,aggregate,10000,0,1.36240,1.39650,0.36980,0.24520,0.38500,5.55560,5.60470,1.36240,1.39650,44.81000,45.19000,0.00000,0.00000,0.00000,0.00000,0.00000,0.00000,0.00000,0.00000,0.00000,0.00000,0.00000
equal_neutral,detailed_npc,10000,0,1.38660,1.39210,0.38060,0.23550,0.38390,5.60230,5.55820,1.38660,1.39210,45.10010,44.89990,0.00000,0.00000,0.00000,0.00000,5.60230,5.55820,90.00000,16.81110,0.00000,0.00000,0.00000
equal_home,aggregate,10000,0,1.41970,1.39650,0.38300,0.24610,0.37090,5.77970,5.60470,1.41970,1.39650,44.81000,45.19000,0.00000,0.00000,0.00000,0.00000,0.00000,0.00000,0.00000,0.00000,0.00000,0.00000,0.00000
equal_home,detailed_npc,10000,0,1.43080,1.39320,0.39270,0.23160,0.37570,5.79300,5.55160,1.43080,1.39320,45.16290,44.83710,0.00000,0.00000,0.00000,0.00000,5.79300,5.55160,90.00000,16.80720,0.00000,0.00000,0.00000
equal_away,aggregate,10000,0,1.36240,1.45110,0.35910,0.24230,0.39860,5.55560,5.82910,1.36240,1.45110,44.81000,45.19000,0.00000,0.00000,0.00000,0.00000,0.00000,0.00000,0.00000,0.00000,0.00000,0.00000,0.00000
equal_away,detailed_npc,10000,0,1.38590,1.43410,0.37170,0.23470,0.39360,5.59800,5.74630,1.38590,1.43410,45.07540,44.92460,0.00000,0.00000,0.00000,0.00000,5.59800,5.74630,90.00000,16.81020,0.00000,0.00000,0.00000
attack_90,aggregate,10000,0,1.64620,1.39650,0.43920,0.23090,0.32990,5.55560,5.60470,1.64620,1.39650,44.81000,45.19000,0.00000,0.00000,0.00000,0.00000,0.00000,0.00000,0.00000,0.00000,0.00000,0.00000,0.00000
attack_90,detailed_npc,10000,0,1.67780,1.37610,0.45430,0.22090,0.32480,5.62320,5.52830,1.67780,1.37610,45.35860,44.64140,0.00000,0.00000,0.00000,0.00000,5.62320,5.52830,90.00000,16.80510,0.00000,0.00000,0.00000
defense_90,aggregate,10000,0,1.36240,1.11460,0.42940,0.26180,0.30880,5.55560,5.60470,1.36240,1.11460,44.81000,45.19000,0.00000,0.00000,0.00000,0.00000,0.00000,0.00000,0.00000,0.00000,0.00000,0.00000,0.00000
defense_90,detailed_npc,10000,0,1.38840,1.11280,0.43530,0.25330,0.31140,5.61990,5.53350,1.38840,1.11280,45.33860,44.66140,0.00000,0.00000,0.00000,0.00000,5.61990,5.53350,90.00000,16.82060,0.00000,0.00000,0.00000
midfield_90,aggregate,10000,0,1.77240,0.98650,0.56340,0.22450,0.21210,7.24100,3.91930,1.77240,0.98650,58.41200,31.58800,0.00000,0.00000,0.00000,0.00000,0.00000,0.00000,0.00000,0.00000,0.00000,0.00000,0.00000
midfield_90,detailed_npc,10000,0,1.81670,0.95830,0.57860,0.21040,0.21100,7.34140,3.82100,1.81670,0.95830,59.17510,30.82490,0.00000,0.00000,0.00000,0.00000,7.34140,3.82100,90.00000,16.80590,0.00000,0.00000,0.00000
own_ten,aggregate,10000,0,1.16210,1.55170,0.29390,0.23570,0.47040,4.74350,5.93190,1.16210,1.55170,42.16250,47.83750,0.00000,0.00000,0.00000,0.00000,0.00000,0.00000,0.00000,0.00000,0.00000,0.00000,0.00000
own_ten,detailed_npc,10000,0,1.17080,1.56380,0.29780,0.22780,0.47440,4.74410,5.94030,1.17080,1.56380,42.12300,47.87700,0.00000,0.00000,0.00000,0.00000,4.74410,5.94030,90.00000,16.79830,0.00000,0.00000,0.00000
opp_ten,aggregate,10000,0,1.52190,1.19260,0.45380,0.24470,0.30150,5.89180,4.78480,1.52190,1.19260,47.53450,42.46550,0.00000,0.00000,0.00000,0.00000,0.00000,0.00000,0.00000,0.00000,0.00000,0.00000,0.00000
opp_ten,detailed_npc,10000,0,1.54030,1.18730,0.45960,0.23550,0.30490,5.94530,4.73560,1.54030,1.18730,47.98930,42.01070,0.00000,0.00000,0.00000,0.00000,5.94530,4.73560,90.00000,16.81080,0.00000,0.00000,0.00000
pc_st_60,detailed_pc,10000,0,1.22720,1.30040,0.36170,0.24410,0.39420,3.86680,5.13140,0.95050,1.25790,34.76720,42.45720,6.99520,0.00820,1.08400,0.17960,5.56110,5.57880,90.00000,16.81040,2.14170,1.26360,0.87810
pc_cb_60,detailed_pc,10000,0,1.26210,1.16320,0.39240,0.24870,0.35890,3.92610,4.16030,0.97560,1.02840,35.19700,36.58990,10.45410,0.01200,1.10470,0.56920,5.59810,5.55220,90.00000,16.81750,3.06390,1.67390,1.39000
pc_cm_60,detailed_pc,10000,0,1.23840,1.17340,0.38340,0.25100,0.36560,3.90430,4.20280,0.95870,1.04020,35.00420,36.82800,10.49550,0.01810,1.07630,0.56300,5.57780,5.58230,90.00000,16.82960,3.05300,1.63930,1.41370
pc_st_90,detailed_pc,10000,0,1.36880,1.24970,0.40450,0.24530,0.35020,3.42300,4.87850,0.84340,1.20900,32.20790,40.85970,9.91300,0.01140,1.58370,0.22730,5.57050,5.58020,90.00000,16.81960,2.84920,1.81100,1.03820
pc_st_60_no_zone,detailed_pc,10000,0,1.24770,1.18160,0.38320,0.24950,0.36730,3.89460,4.32390,0.96750,1.06200,35.05020,37.61680,9.75720,0.03910,1.07530,0.50350,5.56400,5.57580,90.00000,16.83180,2.92130,1.57880,1.34250
pc_st_60_no_chain,detailed_pc,10000,0,1.25020,1.31380,0.36120,0.24590,0.39290,4.19280,5.15050,1.03850,1.27480,36.74810,42.54620,4.90860,0.00430,0.82450,0.15950,5.55310,5.58700,90.00000,16.80560,1.79680,0.98400,0.81280
pc_st_60_first,detailed_pc,10000,0,1.21680,1.31650,0.35430,0.24740,0.39830,3.83990,5.14870,0.94890,1.27040,34.57750,42.50630,6.96920,0.00360,1.08650,0.18440,5.56520,5.59540,90.00000,16.81370,2.17200,1.27090,0.90110
equal_neutral,aggregate,10000,1000000,1.38000,1.37470,0.37990,0.25650,0.36360,5.57540,5.57410,1.38000,1.37470,44.86500,45.13500,0.00000,0.00000,0.00000,0.00000,0.00000,0.00000,0.00000,0.00000,0.00000,0.00000,0.00000
equal_neutral,detailed_npc,10000,1000000,1.39560,1.39380,0.38690,0.23160,0.38150,5.61300,5.58040,1.39560,1.39380,45.11310,44.88690,0.00000,0.00000,0.00000,0.00000,5.61300,5.58040,90.00000,16.81260,0.00000,0.00000,0.00000
equal_home,aggregate,10000,1000000,1.43410,1.37470,0.39500,0.25140,0.35360,5.80470,5.57410,1.43410,1.37470,44.86500,45.13500,0.00000,0.00000,0.00000,0.00000,0.00000,0.00000,0.00000,0.00000,0.00000,0.00000,0.00000
equal_home,detailed_npc,10000,1000000,1.44460,1.38990,0.39890,0.23080,0.37030,5.79680,5.57840,1.44460,1.38990,45.13600,44.86400,0.00000,0.00000,0.00000,0.00000,5.79680,5.57840,90.00000,16.81240,0.00000,0.00000,0.00000
equal_away,aggregate,10000,1000000,1.38000,1.43100,0.36800,0.25260,0.37940,5.57540,5.79830,1.38000,1.43100,44.86500,45.13500,0.00000,0.00000,0.00000,0.00000,0.00000,0.00000,0.00000,0.00000,0.00000,0.00000,0.00000
equal_away,detailed_npc,10000,1000000,1.39290,1.43870,0.37790,0.22890,0.39320,5.61000,5.76700,1.39290,1.43870,45.08900,44.91100,0.00000,0.00000,0.00000,0.00000,5.61000,5.76700,90.00000,16.81510,0.00000,0.00000,0.00000
attack_90,aggregate,10000,1000000,1.65140,1.37470,0.44800,0.23630,0.31570,5.57540,5.57410,1.65140,1.37470,44.86500,45.13500,0.00000,0.00000,0.00000,0.00000,0.00000,0.00000,0.00000,0.00000,0.00000,0.00000,0.00000
attack_90,detailed_npc,10000,1000000,1.68690,1.38110,0.45530,0.21960,0.32510,5.65140,5.53680,1.68690,1.38110,45.44120,44.55880,0.00000,0.00000,0.00000,0.00000,5.65140,5.53680,90.00000,16.79990,0.00000,0.00000,0.00000
defense_90,aggregate,10000,1000000,1.38000,1.10500,0.44120,0.26370,0.29510,5.57540,5.57410,1.38000,1.10500,44.86500,45.13500,0.00000,0.00000,0.00000,0.00000,0.00000,0.00000,0.00000,0.00000,0.00000,0.00000,0.00000
defense_90,detailed_npc,10000,1000000,1.40660,1.10320,0.44710,0.24430,0.30860,5.64520,5.53850,1.40660,1.10320,45.36730,44.63270,0.00000,0.00000,0.00000,0.00000,5.64520,5.53850,90.00000,16.81420,0.00000,0.00000,0.00000
midfield_90,aggregate,10000,1000000,1.79600,0.95870,0.57950,0.22660,0.19390,7.23610,3.91340,1.79600,0.95870,58.37550,31.62450,0.00000,0.00000,0.00000,0.00000,0.00000,0.00000,0.00000,0.00000,0.00000,0.00000,0.00000
midfield_90,detailed_npc,10000,1000000,1.83420,0.96320,0.58110,0.21350,0.20540,7.38760,3.82640,1.83420,0.96320,59.13290,30.86710,0.00000,0.00000,0.00000,0.00000,7.38760,3.82640,90.00000,16.81170,0.00000,0.00000,0.00000
own_ten,aggregate,10000,1000000,1.17700,1.53340,0.29510,0.25550,0.44940,4.77150,5.90300,1.17700,1.53340,42.18750,47.81250,0.00000,0.00000,0.00000,0.00000,0.00000,0.00000,0.00000,0.00000,0.00000,0.00000,0.00000
own_ten,detailed_npc,10000,1000000,1.18200,1.57090,0.30030,0.22820,0.47150,4.75420,5.97720,1.18200,1.57090,42.00770,47.99230,0.00000,0.00000,0.00000,0.00000,4.75420,5.97720,90.00000,16.81410,0.00000,0.00000,0.00000
opp_ten,aggregate,10000,1000000,1.53940,1.16180,0.46890,0.24760,0.28350,5.91170,4.73950,1.53940,1.16180,47.54600,42.45400,0.00000,0.00000,0.00000,0.00000,0.00000,0.00000,0.00000,0.00000,0.00000,0.00000,0.00000
opp_ten,detailed_npc,10000,1000000,1.56680,1.18140,0.47220,0.22960,0.29820,5.99580,4.71640,1.56680,1.18140,48.12880,41.87120,0.00000,0.00000,0.00000,0.00000,5.99580,4.71640,90.00000,16.81120,0.00000,0.00000,0.00000
pc_st_60,detailed_pc,10000,1000000,1.22850,1.33340,0.35460,0.24020,0.40520,3.84160,5.16580,0.94900,1.28930,34.48740,42.70920,6.97960,0.00950,1.08860,0.18680,5.53140,5.62450,90.00000,16.82330,2.14850,1.27540,0.87310
pc_cb_60,detailed_pc,10000,1000000,1.25450,1.17300,0.38280,0.25930,0.35790,3.88820,4.20850,0.95870,1.04020,34.86970,36.91930,10.37760,0.01220,1.09720,0.56160,5.55700,5.59980,90.00000,16.82250,3.06010,1.65880,1.40130
pc_cm_60,detailed_pc,10000,1000000,1.25100,1.16160,0.38390,0.25970,0.35640,3.90450,4.19460,0.96780,1.02960,34.98330,36.84130,10.58560,0.01610,1.08940,0.55500,5.59060,5.57140,90.00000,16.84630,3.06290,1.64440,1.41850
pc_st_90,detailed_pc,10000,1000000,1.37410,1.25880,0.40550,0.24830,0.34620,3.43180,4.90580,0.85120,1.21640,32.06390,40.99980,9.84990,0.01000,1.57010,0.23170,5.57040,5.61410,90.00000,16.81800,2.84690,1.80180,1.04510
pc_st_60_no_zone,detailed_pc,10000,1000000,1.23300,1.19560,0.37720,0.25580,0.36700,3.87650,4.35560,0.95260,1.07630,34.82200,37.78320,9.69890,0.04110,1.07880,0.50070,5.54450,5.61330,90.00000,16.82930,2.92570,1.57950,1.34620
pc_st_60_no_chain,detailed_pc,10000,1000000,1.25880,1.31640,0.36580,0.24060,0.39360,4.18960,5.17730,1.04670,1.27710,36.62900,42.63830,4.91100,0.00480,0.82170,0.17510,5.54190,5.62960,90.00000,16.83230,1.80460,0.99680,0.80780
pc_st_60_first,detailed_pc,10000,1000000,1.22210,1.31220,0.35410,0.24860,0.39730,3.84210,5.16140,0.95780,1.26710,34.55040,42.65200,6.93710,0.00290,1.07100,0.18160,5.54280,5.61020,90.00000,16.81580,2.14950,1.25260,0.89690
